idALL,Garden,Year,Block,Row,Column,Geno,Latitude,Longitude,River,Agromyzid.fly,Blotchminer,CC,Chewing.damage,Chrysomela.scripta,Gypsonoma,EdgeLeafMiner,EdgeFolder,EggMass,HoleDamage,LeafFolder,LeafRoller,LeafRollingSpider,Phyllocolpa,BottomLeafDamage,TopLeafDamage,Phyllocnistis.populiella,TF,TF.L,T,Tip.roller,TT.Sp,Harmandia.Cecidomyid,Color
BESC-102_Clatskanie_1_18_8,Clatskanie,12-Jul,C1-12,R18,C8,BESC-102,46.11250444,-122.9870014,Columbia,0,0,0,0,1,0,0,0,0,2,0,0,0,0,5,1,1,0,0,0,0,0,3,darkblue
BESC-102_Clatskanie_2_61_21,Clatskanie,12-Jul,C2-12,R61,C21,BESC-102,46.11250444,-122.9870014,Columbia,0,0,10,5,0,0,0,0,0,0,0,0,0,2,6,0,0,0,0,0,0,0,4,darkblue
BESC-102_Clatskanie_3_92_22,Clatskanie,12-Jul,C3-12,R92,C22,BESC-102,46.11250444,-122.9870014,Columbia,0,0,0,0,0,0,0,0,0,5,0,0,0,2,15,0,0,0,0,0,0,0,13,darkblue
BESC-103_Clatskanie_1_15_10,Clatskanie,12-Jul,C1-12,R15,C10,BESC-103,46.11250989,-122.9878284,Columbia,1,0,0,0,0,0,1,0,1,2,0,0,0,9,3,0,0,0,0,0,0,0,17,darkblue
BESC-103_Clatskanie_2_50_8,Clatskanie,12-Jul,C2-12,R50,C8,BESC-103,46.11250989,-122.9878284,Columbia,0,0,0,0,0,0,0,0,4,0,0,0,0,0,11,0,0,0,0,0,0,0,10,darkblue
BESC-103_Clatskanie_3_94_20,Clatskanie,12-Jul,C3-12,R94,C20,BESC-103,46.11250989,-122.9878284,Columbia,0,0,7,3,0,0,0,0,0,4,0,0,0,1,0,0,0,0,0,0,0,0,6,darkblue
BESC-137_Clatskanie_1_13_5,Clatskanie,12-Jul,C1-12,R13,C5,BESC-137,46.11081616,-122.9802577,Columbia,0,0,0,0,0,0,0,0,0,2,0,0,0,0,0,1,0,0,0,0,0,0,0,darkblue
BESC-137_Clatskanie_2_49_33,Clatskanie,12-Jul,C2-12,R49,C33,BESC-137,46.11081616,-122.9802577,Columbia,0,0,0,0,6,0,0,0,1,2,0,0,0,0,4,0,1,0,0,0,0,0,2,darkblue
BESC-137_Clatskanie_3_99_35,Clatskanie,12-Jul,C3-12,R99,C35,BESC-137,46.11081616,-122.9802577,Columbia,0,0,45,1,0,0,1,0,0,2,0,0,0,3,0,0,1,0,0,0,0,0,1,darkblue
BESC-15_Clatskanie_1_4_22,Clatskanie,12-Jul,C1-12,R4,C22,BESC-15,46.16332702,-123.0436446,Columbia,0,0,0,0,0,0,0,0,2,5,0,0,0,0,2,0,2,0,0,0,0,0,1,darkblue
BESC-15_Clatskanie_2_40_13,Clatskanie,12-Jul,C2-12,R40,C13,BESC-15,46.16332702,-123.0436446,Columbia,0,0,0,1,0,0,0,0,4,2,0,0,0,1,6,0,0,0,0,0,0,0,0,darkblue
BESC-15_Clatskanie_3_87_26,Clatskanie,12-Jul,C3-12,R87,C26,BESC-15,46.16332702,-123.0436446,Columbia,0,0,3,5,0,0,2,0,1,0,0,0,0,1,2,0,1,0,0,0,0,0,0,darkblue
BESC-184_Clatskanie_1_18_19,Clatskanie,12-Jul,C1-12,R18,C19,BESC-184,47.08424429,-122.2045619,Puyallup,0,0,0,2,2,0,0,1,0,6,0,0,0,0,0,0,0,0,0,0,0,0,3,darkblue
BESC-184_Clatskanie_2_39_26,Clatskanie,12-Jul,C2-12,R39,C26,BESC-184,47.08424429,-122.2045619,Puyallup,0,0,2,0,0,0,0,0,3,0,0,0,0,0,2,0,1,0,0,0,0,0,1,darkblue
BESC-184_Clatskanie_3_87_7,Clatskanie,12-Jul,C3-12,R87,C7,BESC-184,47.08424429,-122.2045619,Puyallup,0,0,0,0,0,0,0,0,0,2,0,0,0,0,3,0,3,0,0,0,0,0,20,darkblue
BESC-196_Clatskanie_1_15_20,Clatskanie,12-Jul,C1-12,R15,C20,BESC-196,47.09009537,-122.2140071,Puyallup,0,0,0,1,0,0,1,0,0,0,0,0,0,0,2,0,1,0,0,0,0,0,1,darkblue
BESC-196_Clatskanie_3_76_6,Clatskanie,12-Jul,C3-12,R76,C6,BESC-196,47.09009537,-122.2140071,Puyallup,0,0,1,1,0,0,0,0,1,0,0,0,0,0,3,0,1,0,0,0,0,0,7,darkblue
BESC-211_Clatskanie_1_4_13,Clatskanie,12-Jul,C1-12,R4,C13,BESC-211,47.09827694,-122.2200477,Puyallup,0,0,0,1,0,0,0,0,0,0,0,0,0,0,0,0,0,0,0,0,0,0,0,darkblue
BESC-211_Clatskanie_3_90_12,Clatskanie,12-Jul,C3-12,R90,C12,BESC-211,47.09827694,-122.2200477,Puyallup,0,0,0,1,0,0,0,0,3,3,0,0,0,3,0,0,0,0,0,0,0,0,11,darkblue
BESC-246_Clatskanie_1_24_22,Clatskanie,12-Jul,C1-12,R24,C22,BESC-246,47.04953684,-122.1990668,Puyallup,0,0,3,0,4,0,0,0,0,4,0,0,0,0,0,0,0,0,0,0,0,0,6,darkblue
BESC-246_Clatskanie_2_69_3,Clatskanie,12-Jul,C2-12,R69,C3,BESC-246,47.04953684,-122.1990668,Puyallup,0,0,3,0,0,0,0,0,0,6,0,0,0,3,4,0,0,0,0,0,0,0,0,darkblue
BESC-258_Clatskanie_3_104_10,Clatskanie,12-Jul,C3-12,R104,C10,BESC-258,47.84115328,-121.9826349,Skykomish,0,0,0,0,0,0,3,0,2,2,0,0,0,1,4,0,5,0,0,0,0,0,13,darkblue
BESC-258_Clatskanie_1_34_5,Clatskanie,12-Jul,C1-12,R34,C5,BESC-258,47.84115328,-121.9826349,Skykomish,0,0,0,6,0,0,0,0,5,0,0,0,0,2,2,0,2,0,0,0,0,0,7,darkblue
BESC-258_Clatskanie_2_67_23,Clatskanie,12-Jul,C2-12,R67,C23,BESC-258,47.84115328,-121.9826349,Skykomish,0,0,0,0,0,0,0,0,3,5,0,0,0,2,6,0,0,0,0,0,0,0,4,darkblue
BESC-29_Clatskanie_2_56_4,Clatskanie,12-Jul,C2-12,R56,C4,BESC-29,46.10611056,-122.8861222,Columbia,0,0,4,0,3,0,0,0,3,7,0,0,0,1,2,0,1,0,0,0,0,0,0,darkblue
BESC-29_Clatskanie_3_95_29,Clatskanie,12-Jul,C3-12,R95,C29,BESC-29,46.10611056,-122.8861222,Columbia,0,0,4,4,0,0,0,0,4,0,0,0,0,4,7,0,3,3,0,0,0,0,18,darkblue
BESC-290_Clatskanie_1_24_12,Clatskanie,12-Jul,C1-12,R24,C12,BESC-290,47.84657478,-121.9667487,Skykomish,0,0,0,0,0,0,1,0,0,4,0,0,0,2,8,0,0,0,0,0,0,0,1,darkblue
BESC-290_Clatskanie_2_39_6,Clatskanie,12-Jul,C2-12,R39,C6,BESC-290,47.84657478,-121.9667487,Skykomish,0,0,0,0,0,0,0,0,3,6,0,0,0,0,11,0,1,0,0,0,0,0,6,darkblue
BESC-290_Clatskanie_3_75_29,Clatskanie,12-Jul,C3-12,R75,C29,BESC-290,47.84657478,-121.9667487,Skykomish,0,0,1,0,0,0,1,0,3,0,0,0,0,3,1,0,0,0,0,0,0,0,7,darkblue
BESC-294_Clatskanie_1_14_3,Clatskanie,12-Jul,C1-12,R14,C3,BESC-294,47.84383784,-121.9741185,Skykomish,0,0,0,2,0,0,0,0,2,0,0,0,0,1,1,0,0,0,0,0,0,0,0,darkblue
BESC-294_Clatskanie_2_42_12,Clatskanie,12-Jul,C2-12,R42,C12,BESC-294,47.84383784,-121.9741185,Skykomish,0,0,0,3,0,0,0,0,0,4,0,0,0,2,5,0,0,0,0,0,0,0,7,darkblue
BESC-294_Clatskanie_3_87_22,Clatskanie,12-Jul,C3-12,R87,C22,BESC-294,47.84383784,-121.9741185,Skykomish,0,0,4,0,9,0,2,0,0,2,0,0,0,3,0,0,0,0,0,0,0,0,12,darkblue
BESC-319_Clatskanie_1_12_17,Clatskanie,12-Jul,C1-12,R12,C17,BESC-319,47.85509851,-121.7329027,Skykomish,0,0,0,1,0,0,0,0,0,0,0,0,0,1,2,0,0,0,0,0,0,0,4,darkblue
BESC-319_Clatskanie_2_50_22,Clatskanie,12-Jul,C2-12,R50,C22,BESC-319,47.85509851,-121.7329027,Skykomish,0,0,0,2,0,0,0,0,1,3,0,0,0,2,4,0,1,1,0,0,0,0,0,darkblue
BESC-319_Clatskanie_3_84_20,Clatskanie,12-Jul,C3-12,R84,C20,BESC-319,47.85509851,-121.7329027,Skykomish,0,1,0,4,4,0,2,0,1,8,0,0,0,1,7,0,1,0,0,0,0,0,0,darkblue
BESC-351_Clatskanie_1_27_10,Clatskanie,12-Jul,C1-12,R27,C10,BESC-351,48.49472313,-122.1543214,Skagit,0,0,0,0,6,0,0,0,0,2,0,0,0,0,0,0,0,0,0,0,0,0,4,darkblue
BESC-351_Clatskanie_2_54_28,Clatskanie,12-Jul,C2-12,R54,C28,BESC-351,48.49472313,-122.1543214,Skagit,0,0,0,0,4,0,0,0,3,3,0,0,0,0,2,0,0,0,0,0,0,0,4,darkblue
BESC-351_Clatskanie_3_84_27,Clatskanie,12-Jul,C3-12,R84,C27,BESC-351,48.49472313,-122.1543214,Skagit,0,0,0,1,1,0,0,0,0,2,0,0,0,0,2,0,0,0,0,0,0,0,2,darkblue
BESC-4_Clatskanie_3_105_3,Clatskanie,12-Jul,C3-12,R105,C3,BESC-4,46.1698489,-123.0500854,Columbia,0,0,6,0,0,0,4,0,0,0,0,0,0,0,3,0,0,2,0,0,0,0,5,darkblue
BESC-4_Clatskanie_1_4_16,Clatskanie,12-Jul,C1-12,R4,C16,BESC-4,46.1698489,-123.0500854,Columbia,0,0,0,0,0,0,0,0,2,1,0,0,0,7,1,0,0,1,0,0,0,0,0,darkblue
BESC-4_Clatskanie_2_60_33,Clatskanie,12-Jul,C2-12,R60,C33,BESC-4,46.1698489,-123.0500854,Columbia,0,0,1,0,2,0,1,0,2,1,0,0,0,5,5,0,1,0,0,0,0,0,0,darkblue
BESC-42_Clatskanie_1_17_21,Clatskanie,12-Jul,C1-12,R17,C21,BESC-42,46.10231071,-122.8804939,Columbia,0,0,0,3,0,0,0,0,0,0,0,0,0,2,0,5,0,0,0,0,0,0,0,darkblue
BESC-42_Clatskanie_2_41_31,Clatskanie,12-Jul,C2-12,R41,C31,BESC-42,46.10231071,-122.8804939,Columbia,0,0,0,0,0,0,1,0,2,0,0,0,0,9,2,0,0,0,0,0,0,0,4,darkblue
BESC-42_Clatskanie_3_74_17,Clatskanie,12-Jul,C3-12,R74,C17,BESC-42,46.10231071,-122.8804939,Columbia,0,0,0,0,0,0,0,0,5,0,0,0,0,3,2,0,0,0,0,0,0,0,1,darkblue
BESC-421_Clatskanie_1_18_18,Clatskanie,12-Jul,C1-12,R18,C18,BESC-421,48.52426574,-122.0139794,Skagit,0,2,0,0,0,0,0,0,0,0,0,0,0,1,3,0,1,0,0,0,0,0,21,darkblue
BESC-421_Clatskanie_2_49_16,Clatskanie,12-Jul,C2-12,R49,C16,BESC-421,48.52426574,-122.0139794,Skagit,0,0,2,0,0,0,1,0,1,1,0,0,0,5,5,0,0,0,0,0,0,0,22,darkblue
BESC-421_Clatskanie_3_91_5,Clatskanie,12-Jul,C3-12,R91,C5,BESC-421,48.52426574,-122.0139794,Skagit,0,0,0,4,0,0,0,0,0,0,0,0,0,2,8,0,1,0,0,0,0,0,18,darkblue
BESC-80_Clatskanie_2_68_15,Clatskanie,12-Jul,C2-12,R68,C15,BESC-80,46.11918591,-122.9952942,Columbia,0,2,2,0,0,1,0,0,3,4,0,0,0,1,0,0,1,0,0,0,0,0,0,darkblue
BESC-80_Clatskanie_1_7_24,Clatskanie,12-Jul,C1-12,R7,C24,BESC-80,46.11918591,-122.9952942,Columbia,0,0,0,2,0,0,0,0,1,0,0,0,0,1,3,3,0,0,0,0,0,0,0,darkblue
BESC-80_Clatskanie_3_90_33,Clatskanie,12-Jul,C3-12,R90,C33,BESC-80,46.11918591,-122.9952942,Columbia,0,0,0,0,0,0,0,0,2,1,0,0,0,5,17,0,2,0,0,0,0,0,13,darkblue
BESC-803_Clatskanie_2_61_11,Clatskanie,12-Jul,C2-12,R61,C11,BESC-803,47.07671827,-122.2017492,Puyallup,0,0,0,0,0,0,0,0,0,0,0,0,0,0,3,0,0,0,0,0,0,0,7,darkblue
BESC-803_Clatskanie_3_99_4,Clatskanie,12-Jul,C3-12,R99,C4,BESC-803,47.07671827,-122.2017492,Puyallup,0,0,0,2,0,0,0,0,0,3,0,0,0,0,0,0,0,0,0,0,0,0,8,darkblue
BESC-815_Clatskanie_1_13_31,Clatskanie,12-Jul,C1-12,R13,C31,BESC-815,47.09055679,-122.2157572,Puyallup,0,0,0,1,0,0,0,0,0,0,0,0,0,3,0,0,1,0,0,0,0,0,0,darkblue
BESC-815_Clatskanie_2_67_31,Clatskanie,12-Jul,C2-12,R67,C31,BESC-815,47.09055679,-122.2157572,Puyallup,0,0,0,0,0,0,3,0,2,11,0,0,0,0,1,0,1,0,0,0,0,0,0,darkblue
BESC-815_Clatskanie_3_99_22,Clatskanie,12-Jul,C3-12,R99,C22,BESC-815,47.09055679,-122.2157572,Puyallup,0,1,0,0,0,0,2,0,5,4,0,0,0,0,4,0,0,0,0,0,0,0,0,darkblue
BESC-833_Clatskanie_1_12_19,Clatskanie,12-Jul,C1-12,R12,C19,BESC-833,47.03904362,-122.2016154,Puyallup,0,0,0,0,0,0,0,0,0,2,0,0,0,1,2,1,0,0,0,0,0,0,2,darkblue
BESC-833_Clatskanie_3_77_6,Clatskanie,12-Jul,C3-12,R77,C6,BESC-833,47.03904362,-122.2016154,Puyallup,0,0,0,10,0,0,0,0,0,6,0,1,0,1,0,0,0,0,0,0,0,0,10,darkblue
BESC-86_Clatskanie_3_102_3,Clatskanie,12-Jul,C3-12,R102,C3,BESC-86,46.11770919,-122.9919321,Columbia,0,0,0,2,0,0,0,0,0,2,0,0,0,0,5,0,0,0,0,0,0,0,0,darkblue
BESC-86_Clatskanie_1_19_3,Clatskanie,12-Jul,C1-12,R19,C3,BESC-86,46.11770919,-122.9919321,Columbia,0,0,13,0,0,0,0,0,4,3,0,0,0,2,2,0,2,0,0,0,0,0,8,darkblue
BESC-86_Clatskanie_2_69_17,Clatskanie,12-Jul,C2-12,R69,C17,BESC-86,46.11770919,-122.9919321,Columbia,0,0,0,0,0,0,1,0,0,3,0,0,0,0,2,0,0,0,0,0,0,0,16,darkblue
BESC-869_Clatskanie_3_102_23,Clatskanie,12-Jul,C3-12,R102,C23,BESC-869,47.85920455,-121.8109786,Skykomish,0,0,5,5,1,0,1,0,0,3,0,0,0,1,0,0,0,0,0,0,0,0,21,darkblue
BESC-869_Clatskanie_1_31_3,Clatskanie,12-Jul,C1-12,R31,C3,BESC-869,47.85920455,-121.8109786,Skykomish,0,0,0,1,0,0,1,0,0,0,0,0,0,1,0,0,0,0,0,0,0,0,30,darkblue
CA-05-04_Clatskanie_1_21_32,Clatskanie,12-Jul,C1-12,R21,C32,CA-05-04,39.31732,-120.50216,Tahoe,0,0,0,0,0,0,2,0,0,0,0,0,0,0,4,0,3,2,0,0,0,0,0,darkblue
CA-05-04_Clatskanie_2_38_20,Clatskanie,12-Jul,C2-12,R38,C20,CA-05-04,39.31732,-120.50216,Tahoe,0,0,0,0,0,0,0,0,0,0,0,0,0,0,0,0,0,2,0,0,0,0,0,darkblue
CNYH-28-3_Clatskanie_1_28_15,Clatskanie,12-Jul,C1-12,R28,C15,CNYH-28-3,49.66666667,-125.0666667,Courtenay,0,0,0,7,0,0,0,0,2,2,0,0,0,4,3,0,1,0,0,0,0,0,0,darkblue
CNYH-28-3_Clatskanie_2_58_26,Clatskanie,12-Jul,C2-12,R58,C26,CNYH-28-3,49.66666667,-125.0666667,Courtenay,0,0,0,4,0,0,0,0,4,0,0,0,0,4,3,0,2,0,0,0,0,0,0,darkblue
KLNG-20-1_Clatskanie_1_3_13,Clatskanie,12-Jul,C1-12,R3,C13,KLNG-20-1,51.3,-125.7666667,Klinaklini,0,0,0,0,0,0,0,0,0,2,0,0,0,1,0,1,1,2,0,0,0,0,2,darkblue
KLNG-20-1_Clatskanie_2_56_15,Clatskanie,12-Jul,C2-12,R56,C15,KLNG-20-1,51.3,-125.7666667,Klinaklini,0,1,0,0,0,0,0,0,3,4,0,0,0,7,8,0,1,0,0,0,0,0,0,darkblue
KLNG-20-1_Clatskanie_3_84_10,Clatskanie,12-Jul,C3-12,R84,C10,KLNG-20-1,51.3,-125.7666667,Klinaklini,0,2,0,0,0,0,0,0,2,0,0,0,0,3,3,0,0,0,0,0,0,0,1,darkblue
KTMA-12-2_Clatskanie_2_50_18,Clatskanie,12-Jul,C2-12,R50,C18,KTMA-12-2,54.25,-128.5166667,Kitimat,0,0,0,0,0,0,0,0,3,2,0,0,0,3,0,0,0,0,0,0,0,0,0,darkblue
KTMA-12-2_Clatskanie_3_73_18,Clatskanie,12-Jul,C3-12,R73,C18,KTMA-12-2,54.25,-128.5166667,Kitimat,0,0,0,0,0,1,0,0,2,1,0,0,0,9,0,0,0,0,0,0,0,0,0,darkblue
SKWD-24-4_Clatskanie_1_25_26,Clatskanie,12-Jul,C1-12,R25,C26,SKWD-24-4,50.25,-124.0166667,Skwakwa,0,0,0,0,0,0,0,0,1,3,0,0,0,0,6,0,0,0,0,0,0,0,0,darkblue
SKWD-24-4_Clatskanie_3_80_24,Clatskanie,12-Jul,C3-12,R80,C24,SKWD-24-4,50.25,-124.0166667,Skwakwa,0,0,8,0,0,0,0,0,5,0,0,0,0,1,0,0,3,1,0,0,0,0,0,darkblue
SQMA-25-2_Clatskanie_1_17_27,Clatskanie,12-Jul,C1-12,R17,C27,SQMA-25-2,49.86666667,-123.2333333,Squamish,0,0,0,7,0,0,0,0,0,6,0,0,0,2,0,0,0,0,0,0,0,0,0,darkblue
SQMA-25-2_Clatskanie_2_66_32,Clatskanie,12-Jul,C2-12,R66,C32,SQMA-25-2,49.86666667,-123.2333333,Squamish,0,0,3,0,0,0,0,0,2,6,0,0,0,0,0,0,0,0,0,0,0,0,15,darkblue
SQMA-25-2_Clatskanie_3_95_28,Clatskanie,12-Jul,C3-12,R95,C28,SQMA-25-2,49.86666667,-123.2333333,Squamish,0,0,0,0,1,0,0,0,2,2,0,0,0,1,4,0,0,0,0,0,0,0,0,darkblue
SQMC-25-4_Clatskanie_1_16_35,Clatskanie,12-Jul,C1-12,R16,C35,SQMC-25-4,50.1,-123.3666667,Squamish,0,0,0,0,0,0,0,0,0,1,0,0,0,7,1,0,3,0,0,0,0,0,2,darkblue
SQMC-25-4_Clatskanie_2_59_18,Clatskanie,12-Jul,C2-12,R59,C18,SQMC-25-4,50.1,-123.3666667,Squamish,0,0,0,2,0,0,0,0,1,0,0,0,0,1,1,0,0,0,0,0,0,0,0,darkblue
SQMC-25-4_Clatskanie_3_94_9,Clatskanie,12-Jul,C3-12,R94,C9,SQMC-25-4,50.1,-123.3666667,Squamish,0,0,0,0,0,0,2,0,0,0,0,0,0,10,0,7,3,0,0,0,0,0,8,darkblue
SQMC-25-5_Clatskanie_1_5_10,Clatskanie,12-Jul,C1-12,R5,C10,SQMC-25-5,50.1,-123.3666667,Squamish,0,0,0,1,0,0,0,0,0,0,0,0,0,2,7,5,1,0,0,0,0,0,42,darkblue
SQMC-25-5_Clatskanie_2_52_29,Clatskanie,12-Jul,C2-12,R52,C29,SQMC-25-5,50.1,-123.3666667,Squamish,0,0,0,3,0,0,0,0,0,0,0,0,0,3,3,0,0,0,0,0,0,0,18,darkblue
SQMC-25-5_Clatskanie_3_80_28,Clatskanie,12-Jul,C3-12,R80,C28,SQMC-25-5,50.1,-123.3666667,Squamish,0,1,0,2,0,1,0,0,2,1,0,0,0,3,0,0,0,0,0,0,0,0,0,darkblue
BESC-102_Corvallis_A_16_21,Corvallis,12-Jul,CA-12,R16,C21,BESC-102,46.11250444,-122.9870014,Columbia,0,1,0,2,0,0,0,0,0,3,0,0,0,3,1,0,1,1,0,0,0,0,3,darkred
BESC-102_Corvallis_C_37_60,Corvallis,12-Jul,CC-12,R37,C60,BESC-102,46.11250444,-122.9870014,Columbia,0,6,0,0,0,0,0,0,0,0,0,0,0,0,0,0,0,0,0,0,0,0,0,darkred
BESC-102_Corvallis_B_62_10,Corvallis,12-Jul,CB-12,R62,C10,BESC-102,46.11250444,-122.9870014,Columbia,0,1,0,2,0,0,0,0,0,0,0,0,0,0,0,0,0,0,0,0,0,0,3,darkred
BESC-103_Corvallis_C_13_49,Corvallis,12-Jul,CC-12,R13,C49,BESC-103,46.11250989,-122.9878284,Columbia,0,3,0,3,0,0,0,0,0,0,0,0,0,2,0,1,0,0,0,0,0,0,0,darkred
BESC-103_Corvallis_A_22_10,Corvallis,12-Jul,CA-12,R22,C10,BESC-103,46.11250989,-122.9878284,Columbia,0,0,0,1,0,0,0,0,0,4,0,0,0,3,0,0,0,0,0,0,0,0,0,darkred
BESC-103_Corvallis_B_72_6,Corvallis,12-Jul,CB-12,R72,C6,BESC-103,46.11250989,-122.9878284,Columbia,0,1,0,0,0,0,0,0,0,5,0,0,0,3,2,0,1,0,1,0,0,0,7,darkred
BESC-137_Corvallis_A_15_20,Corvallis,12-Jul,CA-12,R15,C20,BESC-137,46.11081616,-122.9802577,Columbia,0,2,0,1,0,0,0,0,0,4,0,0,0,2,0,0,0,0,0,0,0,0,0,darkred
BESC-137_Corvallis_C_17_39,Corvallis,12-Jul,CC-12,R17,C39,BESC-137,46.11081616,-122.9802577,Columbia,0,8,0,1,0,0,0,0,0,1,0,0,0,3,1,0,0,0,0,0,0,0,1,darkred
BESC-137_Corvallis_B_43_8,Corvallis,12-Jul,CB-12,R43,C8,BESC-137,46.11081616,-122.9802577,Columbia,0,4,0,3,0,0,0,0,0,2,0,0,0,1,0,0,0,0,0,0,0,0,0,darkred
BESC-15_Corvallis_A_25_26,Corvallis,12-Jul,CA-12,R25,C26,BESC-15,46.16332702,-123.0436446,Columbia,0,1,0,0,0,0,0,0,0,2,0,0,0,4,0,0,1,0,0,0,0,0,0,darkred
BESC-15_Corvallis_C_32_38,Corvallis,12-Jul,CC-12,R32,C38,BESC-15,46.16332702,-123.0436446,Columbia,0,4,0,2,0,0,0,0,0,1,0,0,0,0,0,0,0,1,0,0,0,0,1,darkred
BESC-15_Corvallis_B_64_14,Corvallis,12-Jul,CB-12,R64,C14,BESC-15,46.16332702,-123.0436446,Columbia,0,1,0,0,0,0,0,0,0,0,0,0,0,2,2,0,0,0,0,0,0,0,0,darkred
BESC-184_Corvallis_C_13_39,Corvallis,12-Jul,CC-12,R13,C39,BESC-184,47.08424429,-122.2045619,Puyallup,0,4,0,0,0,0,0,0,0,2,0,0,0,0,0,9,0,0,0,0,0,0,6,darkred
BESC-184_Corvallis_A_15_17,Corvallis,12-Jul,CA-12,R15,C17,BESC-184,47.08424429,-122.2045619,Puyallup,0,4,0,4,0,0,0,0,0,0,0,0,0,6,4,0,0,0,0,0,0,0,10,darkred
BESC-184_Corvallis_B_39_23,Corvallis,12-Jul,CB-12,R39,C23,BESC-184,47.08424429,-122.2045619,Puyallup,0,3,0,1,0,0,0,0,0,2,0,0,0,3,0,0,0,0,0,0,0,0,0,darkred
BESC-196_Corvallis_A_26_25,Corvallis,12-Jul,CA-12,R26,C25,BESC-196,47.09009537,-122.2140071,Puyallup,0,0,0,0,0,0,0,0,0,0,0,0,0,0,0,0,0,0,0,0,0,0,40,darkred
BESC-196_Corvallis_C_31_41,Corvallis,12-Jul,CC-12,R31,C41,BESC-196,47.09009537,-122.2140071,Puyallup,0,1,0,0,0,0,0,0,0,0,0,0,0,1,0,0,0,0,0,0,0,0,19,darkred
BESC-196_Corvallis_B_46_20,Corvallis,12-Jul,CB-12,R46,C20,BESC-196,47.09009537,-122.2140071,Puyallup,0,3,0,2,0,0,0,0,0,0,0,0,0,5,0,0,1,1,0,0,0,0,13,darkred
BESC-211_Corvallis_A_25_2,Corvallis,12-Jul,CA-12,R25,C2,BESC-211,47.09827694,-122.2200477,Puyallup,0,1,0,0,0,0,0,0,0,0,0,0,0,0,0,0,0,0,0,0,0,0,15,darkred
BESC-211_Corvallis_C_3_45,Corvallis,12-Jul,CC-12,R3,C45,BESC-211,47.09827694,-122.2200477,Puyallup,0,2,0,1,0,0,0,0,0,2,0,0,0,0,0,1,0,0,0,0,0,0,15,darkred
BESC-211_Corvallis_B_40_16,Corvallis,12-Jul,CB-12,R40,C16,BESC-211,47.09827694,-122.2200477,Puyallup,0,0,0,1,0,0,0,0,0,0,0,0,0,0,0,0,0,0,0,0,0,0,9,darkred
BESC-246_Corvallis_A_14_5,Corvallis,12-Jul,CA-12,R14,C5,BESC-246,47.04953684,-122.1990668,Puyallup,0,5,0,4,0,0,0,0,0,4,0,0,0,4,0,0,0,0,0,0,0,0,20,darkred
BESC-246_Corvallis_C_14_32,Corvallis,12-Jul,CC-12,R14,C32,BESC-246,47.04953684,-122.1990668,Puyallup,0,0,0,1,0,0,0,0,0,0,0,0,0,3,0,0,0,0,0,0,0,0,8,darkred
BESC-246_Corvallis_B_73_10,Corvallis,12-Jul,CB-12,R73,C10,BESC-246,47.04953684,-122.1990668,Puyallup,0,2,0,0,0,0,0,0,0,1,0,0,0,3,0,1,0,0,0,0,0,0,20,darkred
BESC-258_Corvallis_C_10_53,Corvallis,12-Jul,CC-12,R10,C53,BESC-258,47.84115328,-121.9826349,Skykomish,0,2,0,3,0,0,0,0,0,2,0,0,0,6,0,0,1,0,0,0,0,0,45,darkred
BESC-258_Corvallis_A_14_9,Corvallis,12-Jul,CA-12,R14,C9,BESC-258,47.84115328,-121.9826349,Skykomish,0,3,0,2,0,0,0,0,0,0,0,0,0,4,0,0,0,0,0,0,0,0,21,darkred
BESC-258_Corvallis_B_39_26,Corvallis,12-Jul,CB-12,R39,C26,BESC-258,47.84115328,-121.9826349,Skykomish,0,0,0,2,0,0,0,0,0,2,0,0,0,0,0,0,0,0,0,0,0,0,42,darkred
BESC-29_Corvallis_A_20_30,Corvallis,12-Jul,CA-12,R20,C30,BESC-29,46.10611056,-122.8861222,Columbia,0,0,0,0,0,0,0,0,0,0,0,0,0,5,0,0,0,0,0,0,0,0,18,darkred
BESC-29_Corvallis_B_49_15,Corvallis,12-Jul,CB-12,R49,C15,BESC-29,46.10611056,-122.8861222,Columbia,0,3,0,0,0,0,0,0,0,2,0,0,0,1,0,0,0,0,0,0,0,0,20,darkred
BESC-290_Corvallis_C_33_56,Corvallis,12-Jul,CC-12,R33,C56,BESC-290,47.84657478,-121.9667487,Skykomish,0,2,0,3,0,0,0,0,0,4,0,0,0,5,0,0,1,0,0,0,0,0,53,darkred
BESC-290_Corvallis_C_35_46,Corvallis,12-Jul,CC-12,R35,C46,BESC-290,47.84657478,-121.9667487,Skykomish,0,6,0,0,0,0,0,0,0,0,0,0,0,1,0,0,0,0,0,0,0,0,21,darkred
BESC-290_Corvallis_B_45_24,Corvallis,12-Jul,CB-12,R45,C24,BESC-290,47.84657478,-121.9667487,Skykomish,0,6,0,0,0,0,0,0,0,0,0,0,0,4,0,0,0,0,0,0,0,0,39,darkred
BESC-294_Corvallis_A_12_25,Corvallis,12-Jul,CA-12,R12,C25,BESC-294,47.84383784,-121.9741185,Skykomish,0,1,0,0,0,0,0,0,0,1,0,0,0,18,0,3,0,0,0,0,0,0,15,darkred
BESC-294_Corvallis_B_38_23,Corvallis,12-Jul,CB-12,R38,C23,BESC-294,47.84383784,-121.9741185,Skykomish,0,0,0,4,0,0,0,0,0,0,0,0,0,2,0,0,0,0,0,0,0,0,7,darkred
BESC-319_Corvallis_A_20_22,Corvallis,12-Jul,CA-12,R20,C22,BESC-319,47.85509851,-121.7329027,Skykomish,0,2,0,3,0,0,0,0,0,0,0,0,0,13,0,1,0,0,0,0,0,0,29,darkred
BESC-319_Corvallis_C_29_35,Corvallis,12-Jul,CC-12,R29,C35,BESC-319,47.85509851,-121.7329027,Skykomish,0,2,0,3,0,0,0,0,0,0,0,0,0,7,0,0,0,0,0,0,0,0,6,darkred
BESC-319_Corvallis_B_70_28,Corvallis,12-Jul,CB-12,R70,C28,BESC-319,47.85509851,-121.7329027,Skykomish,0,1,0,3,0,0,0,0,0,0,0,0,0,11,0,0,0,0,0,0,0,0,36,darkred
BESC-351_Corvallis_A_10_3,Corvallis,12-Jul,CA-12,R10,C3,BESC-351,48.49472313,-122.1543214,Skagit,0,4,0,0,0,0,0,0,0,0,0,0,0,0,0,1,0,0,0,0,0,0,13,darkred
BESC-351_Corvallis_C_11_46,Corvallis,12-Jul,CC-12,R11,C46,BESC-351,48.49472313,-122.1543214,Skagit,0,3,0,0,0,0,0,0,0,0,0,0,0,0,0,0,0,0,0,0,0,0,28,darkred
BESC-351_Corvallis_B_42_17,Corvallis,12-Jul,CB-12,R42,C17,BESC-351,48.49472313,-122.1543214,Skagit,0,3,0,0,0,0,0,0,0,1,0,0,0,6,1,0,0,0,0,0,0,0,30,darkred
BESC-4_Corvallis_C_5_59,Corvallis,12-Jul,CC-12,R5,C59,BESC-4,46.1698489,-123.0500854,Columbia,0,2,0,3,0,0,0,0,0,0,0,0,0,6,0,1,0,0,0,0,0,0,0,darkred
BESC-4_Corvallis_B_59_15,Corvallis,12-Jul,CB-12,R59,C15,BESC-4,46.1698489,-123.0500854,Columbia,0,1,0,0,0,0,0,0,0,1,0,0,0,6,2,0,0,0,0,0,0,0,0,darkred
BESC-4_Corvallis_A_9_5,Corvallis,12-Jul,CA-12,R9,C5,BESC-4,46.1698489,-123.0500854,Columbia,0,3,0,1,0,0,0,0,0,0,0,0,0,3,0,0,0,0,0,0,0,0,6,darkred
BESC-42_Corvallis_C_13_48,Corvallis,12-Jul,CC-12,R13,C48,BESC-42,46.10231071,-122.8804939,Columbia,0,2,0,4,0,0,0,0,0,0,0,0,0,0,0,0,0,0,0,0,0,0,0,darkred
BESC-42_Corvallis_A_21_3,Corvallis,12-Jul,CA-12,R21,C3,BESC-42,46.10231071,-122.8804939,Columbia,0,1,0,2,0,0,0,0,0,0,0,0,0,3,0,0,0,0,0,0,0,0,12,darkred
BESC-42_Corvallis_B_74_17,Corvallis,12-Jul,CB-12,R74,C17,BESC-42,46.10231071,-122.8804939,Columbia,0,2,0,3,0,0,0,0,0,1,0,0,0,5,0,0,0,0,0,0,0,0,4,darkred
BESC-421_Corvallis_A_29_5,Corvallis,12-Jul,CA-12,R29,C5,BESC-421,48.52426574,-122.0139794,Skagit,0,8,0,0,0,0,0,0,0,3,0,0,0,5,0,0,0,0,0,0,0,0,35,darkred
BESC-421_Corvallis_C_29_59,Corvallis,12-Jul,CC-12,R29,C59,BESC-421,48.52426574,-122.0139794,Skagit,0,0,0,1,0,0,0,0,0,3,0,0,0,2,0,0,1,0,0,0,0,0,25,darkred
BESC-421_Corvallis_B_60_15,Corvallis,12-Jul,CB-12,R60,C15,BESC-421,48.52426574,-122.0139794,Skagit,0,2,0,0,0,0,0,0,0,1,0,0,0,3,0,0,0,0,0,0,0,0,12,darkred
BESC-80_Corvallis_A_16_19,Corvallis,12-Jul,CA-12,R16,C19,BESC-80,46.11918591,-122.9952942,Columbia,0,1,0,1,0,0,0,0,0,2,0,0,0,5,0,0,0,0,0,0,0,0,0,darkred
BESC-80_Corvallis_C_29_44,Corvallis,12-Jul,CC-12,R29,C44,BESC-80,46.11918591,-122.9952942,Columbia,0,0,0,1,0,0,0,0,0,0,0,0,0,0,0,0,0,0,0,0,0,0,2,darkred
BESC-80_Corvallis_B_42_27,Corvallis,12-Jul,CB-12,R42,C27,BESC-80,46.11918591,-122.9952942,Columbia,0,2,0,3,0,0,0,0,0,2,0,0,0,6,0,0,0,0,0,0,0,0,0,darkred
BESC-803_Corvallis_A_7_3,Corvallis,12-Jul,CA-12,R7,C3,BESC-803,47.07671827,-122.2017492,Puyallup,0,4,0,0,0,0,0,0,0,0,0,0,0,2,0,0,0,0,0,0,0,0,11,darkred
BESC-803_Corvallis_B_71_6,Corvallis,12-Jul,CB-12,R71,C6,BESC-803,47.07671827,-122.2017492,Puyallup,0,2,0,0,0,0,0,0,0,1,0,0,0,4,0,0,0,0,0,0,0,0,16,darkred
BESC-815_Corvallis_B_44_29,Corvallis,12-Jul,CB-12,R44,C29,BESC-815,47.09055679,-122.2157572,Puyallup,0,0,0,0,0,0,0,0,0,0,0,0,0,3,0,0,0,0,0,0,0,0,37,darkred
BESC-815_Corvallis_C_9_45,Corvallis,12-Jul,CC-12,R9,C45,BESC-815,47.09055679,-122.2157572,Puyallup,0,1,0,1,0,0,0,0,0,0,0,0,0,5,0,0,0,0,0,0,0,0,15,darkred
BESC-833_Corvallis_C_31_37,Corvallis,12-Jul,CC-12,R31,C37,BESC-833,47.03904362,-122.2016154,Puyallup,0,0,0,0,0,0,0,0,0,0,0,0,0,10,0,0,0,0,0,0,0,0,41,darkred
BESC-833_Corvallis_B_47_23,Corvallis,12-Jul,CB-12,R47,C23,BESC-833,47.03904362,-122.2016154,Puyallup,0,2,0,1,0,0,0,0,0,2,0,0,0,1,0,0,0,0,0,0,0,0,8,darkred
BESC-86_Corvallis_B_39_16,Corvallis,12-Jul,CB-12,R39,C16,BESC-86,46.11770919,-122.9919321,Columbia,0,2,0,0,0,0,0,0,0,0,0,0,0,0,0,1,0,0,0,0,0,0,12,darkred
BESC-86_Corvallis_C_5_51,Corvallis,12-Jul,CC-12,R5,C51,BESC-86,46.11770919,-122.9919321,Columbia,0,3,0,1,0,0,0,0,0,0,0,0,0,1,0,0,0,0,0,0,0,0,1,darkred
BESC-86_Corvallis_A_9_7,Corvallis,12-Jul,CA-12,R9,C7,BESC-86,46.11770919,-122.9919321,Columbia,0,2,0,5,0,0,0,0,0,1,0,0,0,0,0,0,0,0,0,0,0,0,3,darkred
BESC-869_Corvallis_C_35_52,Corvallis,12-Jul,CC-12,R35,C52,BESC-869,47.85920455,-121.8109786,Skykomish,0,2,0,1,0,0,0,0,0,0,0,0,0,2,1,0,0,0,0,0,0,0,38,darkred
BESC-869_Corvallis_A_36_23,Corvallis,12-Jul,CA-12,R36,C23,BESC-869,47.85920455,-121.8109786,Skykomish,0,1,0,4,0,0,0,0,0,2,0,0,0,1,0,1,0,0,0,0,0,0,36,darkred
BESC-869_Corvallis_B_63_21,Corvallis,12-Jul,CB-12,R63,C21,BESC-869,47.85920455,-121.8109786,Skykomish,0,0,0,1,0,0,0,0,0,0,0,0,0,1,0,0,0,0,0,0,0,0,28,darkred
BESC-890_Corvallis_C_13_46,Corvallis,12-Jul,CC-12,R13,C46,BESC-890,47.84280075,-121.692956,Skykomish,0,2,0,1,0,0,0,0,0,1,0,0,0,1,0,1,0,0,0,0,0,0,8,darkred
BESC-890_Corvallis_A_30_22,Corvallis,12-Jul,CA-12,R30,C22,BESC-890,47.84280075,-121.692956,Skykomish,0,1,0,2,0,0,0,0,0,2,0,0,0,3,0,0,0,0,0,0,0,0,16,darkred
BESC-890_Corvallis_B_40_2,Corvallis,12-Jul,CB-12,R40,C2,BESC-890,47.84280075,-121.692956,Skykomish,0,5,0,3,0,0,0,0,0,3,0,0,0,6,0,0,0,0,0,0,0,0,23,darkred
CA-04-01_Corvallis_A_10_23,Corvallis,12-Jul,CA-12,R10,C23,CA-04-01,39.33148,-120.39496,Tahoe,0,2,0,1,0,0,0,0,0,0,0,0,0,0,0,0,0,0,0,0,0,0,0,darkred
CA-04-01_Corvallis_C_2_32,Corvallis,12-Jul,CC-12,R2,C32,CA-04-01,39.33148,-120.39496,Tahoe,0,0,0,0,0,0,0,0,0,0,0,0,0,0,0,0,0,0,0,0,0,0,2,darkred
CA-05-03_Corvallis_A_16_21,Corvallis,12-Jul,CA-12,R16,C21,CA-05-03,39.31732,-120.50216,Tahoe,0,0,0,3,0,0,0,0,0,0,0,0,0,0,0,0,0,0,0,0,0,0,0,darkred
CA-05-03_Corvallis_C_7_57,Corvallis,12-Jul,CC-12,R7,C57,CA-05-03,39.31732,-120.50216,Tahoe,0,0,0,2,0,0,0,0,0,0,0,0,0,0,0,0,0,0,0,0,0,0,0,darkred
CNYH-28-3_Corvallis_C_11_34,Corvallis,12-Jul,CC-12,R11,C34,CNYH-28-3,49.66666667,-125.0666667,Courtenay,0,1,0,3,0,0,0,0,0,5,0,0,0,10,0,0,0,0,0,0,0,0,4,darkred
CNYH-28-3_Corvallis_A_21_10,Corvallis,12-Jul,CA-12,R21,C10,CNYH-28-3,49.66666667,-125.0666667,Courtenay,0,0,0,2,0,0,0,0,0,3,0,0,0,5,0,0,0,0,0,0,0,0,1,darkred
CNYH-28-3_Corvallis_B_69_10,Corvallis,12-Jul,CB-12,R69,C10,CNYH-28-3,49.66666667,-125.0666667,Courtenay,0,0,0,1,0,0,0,0,0,2,0,0,0,1,1,0,0,0,0,0,0,0,31,darkred
KLNG-20-1_Corvallis_A_13_25,Corvallis,12-Jul,CA-12,R13,C25,KLNG-20-1,51.3,-125.7666667,Klinaklini,0,2,0,2,0,0,0,0,0,0,0,0,0,2,0,0,0,0,0,0,0,0,43,darkred
KLNG-20-1_Corvallis_C_14_42,Corvallis,12-Jul,CC-12,R14,C42,KLNG-20-1,51.3,-125.7666667,Klinaklini,0,1,0,4,0,0,0,0,0,6,0,0,0,5,0,0,0,0,0,0,0,0,10,darkred
KLNG-20-1_Corvallis_B_56_26,Corvallis,12-Jul,CB-12,R56,C26,KLNG-20-1,51.3,-125.7666667,Klinaklini,0,4,0,2,0,0,0,0,0,4,0,0,0,4,0,0,0,0,0,0,0,0,35,darkred
KTMA-12-2_Corvallis_A_36_21,Corvallis,12-Jul,CA-12,R36,C21,KTMA-12-2,54.25,-128.5166667,Kitimat,0,2,0,0,0,0,0,0,0,0,0,0,0,2,1,0,0,0,0,0,0,0,27,darkred
KTMA-12-2_Corvallis_A_39_13,Corvallis,12-Jul,CA-12,R39,C13,KTMA-12-2,54.25,-128.5166667,Kitimat,0,2,0,1,0,0,0,0,0,0,0,0,0,0,1,0,0,0,0,0,0,0,2,darkred
SKWD-24-4_Corvallis_B_67_27,Corvallis,12-Jul,CB-12,R67,C27,SKWD-24-4,50.25,-124.0166667,Skwakwa,0,0,0,6,0,0,0,0,0,4,0,0,0,5,0,0,0,0,0,0,0,0,12,darkred
SKWD-24-4_Corvallis_A_8_23,Corvallis,12-Jul,CA-12,R8,C23,SKWD-24-4,50.25,-124.0166667,Skwakwa,0,4,0,0,0,0,0,0,0,1,0,0,0,2,0,0,0,0,0,0,0,0,21,darkred
SQMA-25-2_Corvallis_A_13_5,Corvallis,12-Jul,CA-12,R13,C5,SQMA-25-2,49.86666667,-123.2333333,Squamish,0,0,0,0,0,0,0,0,0,1,0,0,0,1,0,0,0,0,0,0,0,0,0,darkred
SQMA-25-2_Corvallis_A_13_N/A,Corvallis,12-Jul,CA-12,R13,CNA,SQMA-25-2,49.86666667,-123.2333333,Squamish,0,3,0,4,0,0,0,0,0,0,0,0,0,0,0,0,0,0,0,0,0,0,26,darkred
SQMA-25-2_Corvallis_C_13_45,Corvallis,12-Jul,CC-12,R13,C45,SQMA-25-2,49.86666667,-123.2333333,Squamish,0,3,0,2,0,0,0,0,0,0,0,0,0,5,0,1,0,0,0,0,0,0,67,darkred
SQMA-25-2_Corvallis_B_50_12,Corvallis,12-Jul,CB-12,R50,C12,SQMA-25-2,49.86666667,-123.2333333,Squamish,0,4,0,1,0,0,0,0,0,1,0,0,0,0,1,0,0,0,0,0,0,0,26,darkred
SQMC-25-4_Corvallis_C_21_42,Corvallis,12-Jul,CC-12,R21,C42,SQMC-25-4,50.1,-123.3666667,Squamish,0,3,0,3,0,0,0,0,0,0,0,0,0,4,0,0,0,0,0,0,0,0,0,darkred
SQMC-25-4_Corvallis_B_47_6,Corvallis,12-Jul,CB-12,R47,C6,SQMC-25-4,50.1,-123.3666667,Squamish,0,7,0,1,0,0,0,0,0,4,0,0,0,5,0,0,0,0,0,0,0,0,0,darkred
SQMC-25-4_Corvallis_A_7_24,Corvallis,12-Jul,CA-12,R7,C24,SQMC-25-4,50.1,-123.3666667,Squamish,0,7,0,0,0,0,0,0,0,1,0,0,0,3,1,0,0,2,0,0,0,0,0,darkred
SQMC-25-5_Corvallis_A_21_21,Corvallis,12-Jul,CA-12,R21,C21,SQMC-25-5,50.1,-123.3666667,Squamish,0,0,0,1,0,0,0,0,0,1,0,0,0,4,2,0,0,0,0,0,0,0,3,darkred
SQMC-25-5_Corvallis_C_36_58,Corvallis,12-Jul,CC-12,R36,C58,SQMC-25-5,50.1,-123.3666667,Squamish,0,2,0,0,0,0,0,0,0,0,0,0,0,1,0,0,0,0,0,0,0,0,40,darkred
SQMC-25-5_Corvallis_B_55_16,Corvallis,12-Jul,CB-12,R55,C16,SQMC-25-5,50.1,-123.3666667,Squamish,0,4,0,1,0,0,0,0,0,3,0,0,0,2,0,0,0,0,0,0,0,0,23,darkred
BESC-102_Placerville_N/A_W_29,Placerville,12-Jul,PB2,RW,C29,BESC-102,46.11250444,-122.9870014,Columbia,0,0,0,1,0,0,0,0,0,4,0,0,0,0,0,0,2,0,0,0,0,0,0,goldenrod
BESC-102_Placerville_N/A_ZO_64,Placerville,12-Jul,PB3,RZO,C64,BESC-102,46.11250444,-122.9870014,Columbia,0,0,0,16,0,0,0,0,0,13,0,0,0,0,0,0,1,0,0,0,0,0,0,goldenrod
BESC-103_Placerville_N/A_M_64,Placerville,12-Jul,PB1,RM,C64,BESC-103,46.11250989,-122.9878284,Columbia,0,0,0,7,0,0,0,0,0,3,0,0,0,0,0,0,0,0,0,0,0,0,0,goldenrod
BESC-103_Placerville_N/A_W_30,Placerville,12-Jul,PB2,RW,C30,BESC-103,46.11250989,-122.9878284,Columbia,0,0,0,2,0,0,0,0,0,3,0,0,0,0,0,0,0,0,0,0,0,0,0,goldenrod
BESC-103_Placerville_N/A_ZL_18,Placerville,12-Jul,PB3,RZL,C18,BESC-103,46.11250989,-122.9878284,Columbia,0,0,0,2,0,0,0,0,0,5,0,0,0,0,1,0,0,0,0,0,0,0,0,goldenrod
BESC-103_Placerville_N/A_ZY_60,Placerville,12-Jul,PB4,RZY,C60,BESC-103,46.11250989,-122.9878284,Columbia,0,0,0,7,0,0,0,0,0,10,0,0,0,1,0,0,0,0,0,0,0,0,0,goldenrod
BESC-137_Placerville_N/A_K_52,Placerville,12-Jul,PB1,RK,C52,BESC-137,46.11081616,-122.9802577,Columbia,0,0,0,5,0,0,0,0,0,4,0,0,0,0,0,0,0,0,0,0,0,0,0,goldenrod
BESC-137_Placerville_N/A_ZS_5,Placerville,12-Jul,PB3,RZS,C5,BESC-137,46.11081616,-122.9802577,Columbia,0,0,0,7,0,0,0,0,0,10,0,0,0,0,3,0,1,0,0,0,0,0,0,goldenrod
BESC-15_Placerville_N/A_D_21,Placerville,12-Jul,PB1,RD,C21,BESC-15,46.16332702,-123.0436446,Columbia,0,0,0,10,0,0,0,0,0,0,0,0,0,0,1,0,2,0,0,0,0,0,0,goldenrod
BESC-15_Placerville_N/A_V_61,Placerville,12-Jul,PB2,RV,C61,BESC-15,46.16332702,-123.0436446,Columbia,0,0,0,3,0,0,0,0,0,4,0,0,0,0,0,0,0,0,0,0,0,0,0,goldenrod
BESC-15_Placerville_N/A_ZD_51,Placerville,12-Jul,PB3,RZD,C51,BESC-15,46.16332702,-123.0436446,Columbia,0,0,0,10,0,0,0,0,0,5,0,0,0,0,0,0,0,0,0,1,0,0,0,goldenrod
BESC-15_Placerville_N/A_ZZH_56,Placerville,12-Jul,PB4,RZZH,C56,BESC-15,46.16332702,-123.0436446,Columbia,0,0,0,11,0,0,0,0,0,18,0,0,0,0,0,0,1,0,0,0,0,0,0,goldenrod
BESC-184_Placerville_N/A_P_64,Placerville,12-Jul,PB1,RP,C64,BESC-184,47.08424429,-122.2045619,Puyallup,0,0,0,2,0,0,0,0,0,0,0,0,0,0,0,0,0,0,0,0,0,0,0,goldenrod
BESC-184_Placerville_N/A_Z_15,Placerville,12-Jul,PB2,RZ,C15,BESC-184,47.08424429,-122.2045619,Puyallup,0,0,0,5,0,0,0,0,0,8,0,0,0,0,0,0,1,0,0,0,0,0,0,goldenrod
BESC-184_Placerville_N/A_ZD_20,Placerville,12-Jul,PB3,RZD,C20,BESC-184,47.08424429,-122.2045619,Puyallup,0,0,0,1,0,0,0,0,0,7,0,0,0,0,0,0,2,0,0,0,0,0,0,goldenrod
BESC-196_Placerville_N/A_Z_9,Placerville,12-Jul,PB2,RZ,C9,BESC-196,47.09009537,-122.2140071,Puyallup,0,0,0,3,0,0,0,0,0,5,0,0,0,0,0,0,3,0,0,0,0,0,0,goldenrod
BESC-196_Placerville_N/A_ZZI_6,Placerville,12-Jul,PB4,RZZI,C6,BESC-196,47.09009537,-122.2140071,Puyallup,0,0,0,0,0,0,0,0,0,4,0,0,0,0,0,0,1,0,0,0,0,0,0,goldenrod
BESC-211_Placerville_N/A_K_8,Placerville,12-Jul,PB1,RK,C8,BESC-211,47.09827694,-122.2200477,Puyallup,0,0,0,10,0,0,0,0,0,0,0,0,0,0,0,0,0,0,0,0,0,0,0,goldenrod
BESC-211_Placerville_N/A_U_18,Placerville,12-Jul,PB2,RU,C18,BESC-211,47.09827694,-122.2200477,Puyallup,0,0,0,1,0,0,0,0,0,0,0,0,0,0,0,0,0,0,0,0,0,0,0,goldenrod
BESC-211_Placerville_N/A_ZH_24,Placerville,12-Jul,PB3,RZH,C24,BESC-211,47.09827694,-122.2200477,Puyallup,0,0,0,2,0,0,0,0,0,3,0,0,0,0,0,0,0,0,0,0,0,0,0,goldenrod
BESC-246_Placerville_N/A_D_30,Placerville,12-Jul,PB1,RD,C30,BESC-246,47.04953684,-122.1990668,Puyallup,0,0,0,5,0,0,0,0,0,0,0,0,0,0,0,0,0,0,0,0,0,0,0,goldenrod
BESC-246_Placerville_N/A_ZK_15,Placerville,12-Jul,PB3,RZK,C15,BESC-246,47.04953684,-122.1990668,Puyallup,0,0,0,0,0,0,0,0,0,3,0,0,0,0,0,0,0,0,0,0,0,0,0,goldenrod
BESC-246_Placerville_N/A_ZZE_31,Placerville,12-Jul,PB4,RZZE,C31,BESC-246,47.04953684,-122.1990668,Puyallup,0,0,0,6,0,0,0,0,0,11,0,0,0,0,0,0,0,0,0,0,0,0,0,goldenrod
BESC-290_Placerville_N/A_T_26,Placerville,12-Jul,PB2,RT,C26,BESC-290,47.84657478,-121.9667487,Skykomish,0,0,0,6,0,0,0,0,0,3,0,0,0,0,0,0,1,0,0,0,0,0,0,goldenrod
BESC-290_Placerville_N/A_ZT_30,Placerville,12-Jul,PB4,RZT,C30,BESC-290,47.84657478,-121.9667487,Skykomish,0,0,0,3,0,0,0,0,0,5,0,0,0,0,0,0,0,0,0,0,0,0,0,goldenrod
BESC-294_Placerville_N/A_ZG_17,Placerville,12-Jul,PB3,RZG,C17,BESC-294,47.84383784,-121.9741185,Skykomish,0,0,0,9,0,0,0,0,0,5,0,0,0,0,0,0,0,0,0,0,0,1,0,goldenrod
BESC-294_Placerville_N/A_ZZG_9,Placerville,12-Jul,PB4,RZZG,C9,BESC-294,47.84383784,-121.9741185,Skykomish,0,0,0,6,0,0,0,0,0,8,0,0,0,0,0,0,0,0,0,0,0,0,0,goldenrod
BESC-319_Placerville_N/A_J_21,Placerville,12-Jul,PB1,RJ,C21,BESC-319,47.85509851,-121.7329027,Skykomish,0,0,0,6,0,0,0,0,0,0,0,0,0,0,1,0,0,0,0,0,0,0,0,goldenrod
BESC-319_Placerville_N/A_X_12,Placerville,12-Jul,PB2,RX,C12,BESC-319,47.85509851,-121.7329027,Skykomish,0,0,0,0,0,0,0,0,0,2,0,0,0,0,0,0,1,0,0,0,0,0,0,goldenrod
BESC-319_Placerville_N/A_ZD_52,Placerville,12-Jul,PB3,RZD,C52,BESC-319,47.85509851,-121.7329027,Skykomish,0,0,0,3,0,0,0,0,0,10,0,0,0,0,0,0,0,0,0,0,0,0,0,goldenrod
BESC-351_Placerville_N/A_N_61,Placerville,12-Jul,PB1,RN,C61,BESC-351,48.49472313,-122.1543214,Skagit,0,0,0,4,0,0,0,0,0,9,0,0,0,0,0,0,0,0,0,0,0,0,0,goldenrod
BESC-351_Placerville_N/A_ZB_38,Placerville,12-Jul,PB2,RZB,C38,BESC-351,48.49472313,-122.1543214,Skagit,0,0,0,4,0,0,0,0,0,4,0,0,0,0,0,0,0,0,0,0,0,0,0,goldenrod
BESC-351_Placerville_N/A_ZI_3,Placerville,12-Jul,PB3,RZI,C3,BESC-351,48.49472313,-122.1543214,Skagit,0,0,0,4,0,0,0,0,0,7,0,0,0,0,1,0,0,0,0,0,0,0,0,goldenrod
BESC-351_Placerville_N/A_ZZB_57,Placerville,12-Jul,PB4,RZZB,C57,BESC-351,48.49472313,-122.1543214,Skagit,0,0,0,5,0,0,0,0,0,5,0,0,0,0,0,0,0,0,0,0,0,0,0,goldenrod
BESC-4_Placerville_N/A_J_34,Placerville,12-Jul,PB1,RJ,C34,BESC-4,46.1698489,-123.0500854,Columbia,0,0,0,1,0,0,0,0,0,0,0,0,0,4,2,0,1,0,0,0,0,0,0,goldenrod
BESC-4_Placerville_N/A_T_47,Placerville,12-Jul,PB2,RT,C47,BESC-4,46.1698489,-123.0500854,Columbia,0,0,0,10,0,0,0,0,0,0,0,0,0,0,1,0,0,0,0,0,0,0,0,goldenrod
BESC-4_Placerville_N/A_ZO_41,Placerville,12-Jul,PB3,RZO,C41,BESC-4,46.1698489,-123.0500854,Columbia,0,0,0,2,0,0,0,0,0,9,0,0,0,0,0,0,0,0,0,0,0,0,0,goldenrod
BESC-4_Placerville_N/A_ZZJ_41,Placerville,12-Jul,PB4,RZZJ,C41,BESC-4,46.1698489,-123.0500854,Columbia,0,0,0,4,0,0,0,0,0,12,0,0,0,6,1,0,0,0,0,0,0,0,0,goldenrod
BESC-42_Placerville_N/A_V_25,Placerville,12-Jul,PB2,RV,C25,BESC-42,46.10231071,-122.8804939,Columbia,0,0,0,6,0,0,0,0,0,5,0,0,0,0,7,0,1,0,0,0,0,0,0,goldenrod
BESC-42_Placerville_N/A_ZI_13,Placerville,12-Jul,PB3,RZI,C13,BESC-42,46.10231071,-122.8804939,Columbia,0,0,0,2,0,0,0,0,0,1,0,0,0,0,0,0,0,0,0,0,0,0,0,goldenrod
BESC-421_Placerville_N/A_F_5,Placerville,12-Jul,PB1,RF,C5,BESC-421,48.52426574,-122.0139794,Skagit,0,0,0,4,0,0,0,0,0,0,0,0,0,0,5,1,0,0,0,0,0,0,0,goldenrod
BESC-421_Placerville_N/A_ZO_21,Placerville,12-Jul,PB3,RZO,C21,BESC-421,48.52426574,-122.0139794,Skagit,0,0,0,4,0,0,0,0,0,8,0,0,0,0,0,0,2,0,0,0,0,0,0,goldenrod
BESC-421_Placerville_N/A_ZZ_30,Placerville,12-Jul,PB4,RZZ,C30,BESC-421,48.52426574,-122.0139794,Skagit,0,0,0,16,0,0,0,0,0,14,0,0,0,0,0,0,0,0,0,0,0,0,0,goldenrod
BESC-80_Placerville_N/A_H_55,Placerville,12-Jul,PB1,RH,C55,BESC-80,46.11918591,-122.9952942,Columbia,0,0,0,15,0,0,0,0,0,0,0,0,0,0,0,0,0,0,0,0,0,0,0,goldenrod
BESC-80_Placerville_N/A_ZD_57,Placerville,12-Jul,PB3,RZD,C57,BESC-80,46.11918591,-122.9952942,Columbia,0,0,0,5,0,0,0,0,0,15,0,0,0,0,1,0,0,0,0,0,0,0,0,goldenrod
BESC-803_Placerville_N/A_P_52,Placerville,12-Jul,PB1,RP,C52,BESC-803,47.07671827,-122.2017492,Puyallup,0,0,0,9,0,0,0,0,0,0,0,0,0,0,0,1,0,0,0,0,0,0,0,goldenrod
BESC-803_Placerville_N/A_ZH_5,Placerville,12-Jul,PB3,RZH,C5,BESC-803,47.07671827,-122.2017492,Puyallup,0,0,0,0,0,0,0,0,0,4,0,0,0,5,0,0,1,0,0,0,0,0,0,goldenrod
BESC-803_Placerville_N/A_ZZG_15,Placerville,12-Jul,PB4,RZZG,C15,BESC-803,47.07671827,-122.2017492,Puyallup,0,0,0,2,0,0,0,0,0,2,0,0,0,0,0,0,0,0,0,0,0,0,0,goldenrod
BESC-815_Placerville_N/A_P_32,Placerville,12-Jul,PB1,RP,C32,BESC-815,47.09055679,-122.2157572,Puyallup,0,0,0,3,0,0,0,0,0,9,0,0,0,0,0,0,0,0,0,0,0,0,0,goldenrod
BESC-815_Placerville_N/A_ZL_31,Placerville,12-Jul,PB3,RZL,C31,BESC-815,47.09055679,-122.2157572,Puyallup,0,0,0,7,0,0,0,0,0,7,0,0,0,0,0,0,0,0,0,0,0,0,0,goldenrod
BESC-815_Placerville_N/A_ZZB_40,Placerville,12-Jul,PB4,RZZB,C40,BESC-815,47.09055679,-122.2157572,Puyallup,0,0,0,7,0,0,0,0,0,20,0,0,0,0,0,0,0,0,0,0,0,0,0,goldenrod
BESC-833_Placerville_N/A_K_45,Placerville,12-Jul,PB1,RK,C45,BESC-833,47.03904362,-122.2016154,Puyallup,0,0,0,2,0,0,0,0,0,3,0,0,0,0,2,0,0,0,0,0,0,0,0,goldenrod
BESC-833_Placerville_N/A_ZL_21,Placerville,12-Jul,PB3,RZL,C21,BESC-833,47.03904362,-122.2016154,Puyallup,0,0,0,2,0,0,0,0,0,9,0,0,0,0,0,0,0,0,0,0,0,0,0,goldenrod
BESC-833_Placerville_N/A_ZY_21,Placerville,12-Jul,PB4,RZY,C21,BESC-833,47.03904362,-122.2016154,Puyallup,0,0,0,3,0,0,0,0,0,6,0,0,0,0,0,2,0,0,0,0,0,0,0,goldenrod
BESC-86_Placerville_N/A_V_66,Placerville,12-Jul,PB2,RV,C66,BESC-86,46.11770919,-122.9919321,Columbia,0,0,0,5,0,0,0,0,0,7,0,0,0,0,0,0,0,0,0,0,0,0,0,goldenrod
BESC-86_Placerville_N/A_ZL_11,Placerville,12-Jul,PB3,RZL,C11,BESC-86,46.11770919,-122.9919321,Columbia,0,0,0,0,0,0,0,0,0,16,0,0,0,0,0,0,2,0,0,0,0,0,0,goldenrod
BESC-869_Placerville_N/A_ZN_11,Placerville,12-Jul,PB3,RZN,C11,BESC-869,47.85920455,-121.8109786,Skykomish,0,0,0,5,0,0,0,0,0,9,0,0,0,0,1,0,0,0,0,0,0,0,0,goldenrod
BESC-869_Placerville_N/A_ZZB_19,Placerville,12-Jul,PB4,RZZB,C19,BESC-869,47.85920455,-121.8109786,Skykomish,0,0,0,7,0,0,0,0,0,6,0,0,0,0,0,0,0,0,0,0,0,0,0,goldenrod
BESC-890_Placerville_N/A_M_42,Placerville,12-Jul,PB1,RM,C42,BESC-890,47.84280075,-121.692956,Skykomish,0,0,0,1,0,0,0,0,0,2,0,0,0,0,0,0,0,0,0,0,0,0,0,goldenrod
BESC-890_Placerville_N/A_ZD_50,Placerville,12-Jul,PB3,RZD,C50,BESC-890,47.84280075,-121.692956,Skykomish,0,0,0,3,0,0,0,0,0,8,0,0,0,0,0,0,0,0,0,0,0,0,0,goldenrod
BESC-890_Placerville_N/A_ZZD_59,Placerville,12-Jul,PB4,RZZD,C59,BESC-890,47.84280075,-121.692956,Skykomish,0,0,0,0,0,0,0,0,0,9,0,0,0,0,1,0,0,0,0,0,0,0,0,goldenrod
CA-01-04_Placerville_N/A_Q_45,Placerville,12-Jul,PB1,RQ,C45,CA-01-04,38.88178,-120.08731,Tahoe,0,0,0,6,0,0,0,0,0,0,0,0,0,0,6,0,0,0,0,0,0,0,0,goldenrod
CA-01-04_Placerville_N/A_ZE_36,Placerville,12-Jul,PB3,RZE,C36,CA-01-04,38.88178,-120.08731,Tahoe,0,0,0,0,0,0,0,0,0,1,0,0,0,0,3,0,1,0,0,0,0,0,0,goldenrod
CA-01-04_Placerville_N/A_ZY_27,Placerville,12-Jul,PB4,RZY,C27,CA-01-04,38.88178,-120.08731,Tahoe,0,0,0,3,0,0,0,0,0,0,0,0,0,0,2,0,1,0,0,0,0,0,0,goldenrod
CA-02-02_Placerville_N/A_G_9,Placerville,12-Jul,PB1,RG,C9,CA-02-02,39.11053,-120.16277,Tahoe,0,0,0,8,0,0,0,0,0,0,0,0,0,1,3,0,0,1,0,0,0,0,0,goldenrod
CA-02-02_Placerville_N/A_ZZH_50,Placerville,12-Jul,PB4,RZZH,C50,CA-02-02,39.11053,-120.16277,Tahoe,0,0,0,6,0,0,0,0,0,2,0,0,0,0,2,0,0,0,0,0,0,0,0,goldenrod
CA-05-03_Placerville_N/A_Q_53,Placerville,12-Jul,PB1,RQ,C53,CA-05-03,39.31732,-120.50216,Tahoe,0,0,0,0,0,0,0,0,0,2,0,0,0,0,2,0,1,0,0,0,0,0,0,goldenrod
CA-05-03_Placerville_N/A_ZN_49,Placerville,12-Jul,PB3,RZN,C49,CA-05-03,39.31732,-120.50216,Tahoe,0,0,0,6,0,0,0,0,0,0,0,0,0,0,2,0,1,0,0,0,0,0,0,goldenrod
CA-05-03_Placerville_N/A_ZZB_33,Placerville,12-Jul,PB4,RZZB,C33,CA-05-03,39.31732,-120.50216,Tahoe,0,0,0,3,0,0,0,0,0,2,0,0,0,0,2,0,0,0,0,0,0,0,0,goldenrod
CA-05-07_Placerville_N/A_R_54,Placerville,12-Jul,PB1,RR,C54,CA-05-07,39.31732,-120.50216,Tahoe,0,0,0,3,0,0,0,0,0,2,0,0,0,0,1,0,1,0,0,0,0,0,0,goldenrod
CA-05-07_Placerville_N/A_ZZH_20,Placerville,12-Jul,PB4,RZZH,C20,CA-05-07,39.31732,-120.50216,Tahoe,0,0,0,2,0,0,0,0,0,2,0,0,0,0,1,0,0,0,0,0,0,0,0,goldenrod
CNYH-28-3_Placerville_N/A_M_31,Placerville,12-Jul,PB1,RM,C31,CNYH-28-3,49.66666667,-125.0666667,Courtenay,0,0,0,5,0,0,0,0,0,1,0,0,0,0,0,0,1,0,0,0,0,0,0,goldenrod
CNYH-28-3_Placerville_N/A_ZZC_48,Placerville,12-Jul,PB4,RZZC,C48,CNYH-28-3,49.66666667,-125.0666667,Courtenay,0,0,0,11,0,0,0,0,0,10,0,0,0,0,0,0,0,1,0,0,0,0,0,goldenrod
HOMC-21-3_Placerville_N/A_E_19,Placerville,12-Jul,PB1,RE,C19,HOMC-21-3,51.23333333,-124.95,Homathko river,0,0,0,16,0,0,0,0,0,0,0,0,0,0,1,1,0,0,0,0,0,0,0,goldenrod
HOMC-21-3_Placerville_N/A_X_46,Placerville,12-Jul,PB2,RX,C46,HOMC-21-3,51.23333333,-124.95,Homathko river,0,0,0,3,0,0,0,0,0,2,0,0,0,0,1,0,0,0,0,0,0,0,0,goldenrod
HOMC-21-3_Placerville_N/A_ZZJ_16,Placerville,12-Jul,PB4,RZZJ,C16,HOMC-21-3,51.23333333,-124.95,Homathko river,0,0,0,12,0,0,0,0,0,18,0,0,0,0,0,0,0,0,0,0,0,0,0,goldenrod
KLNG-20-1_Placerville_N/A_X_20,Placerville,12-Jul,PB2,RX,C20,KLNG-20-1,51.3,-125.7666667,Klinaklini,0,0,0,1,0,0,0,0,0,0,0,0,0,0,0,0,0,0,0,0,0,0,0,goldenrod
KLNG-20-1_Placerville_N/A_ZP_38,Placerville,12-Jul,PB3,RZP,C38,KLNG-20-1,51.3,-125.7666667,Klinaklini,0,0,0,5,0,0,0,0,0,0,0,0,0,0,0,0,0,0,0,0,0,0,0,goldenrod
SKWD-24-4_Placerville_N/A_ZC_42,Placerville,12-Jul,PB3,RZC,C42,SKWD-24-4,50.25,-124.0166667,Skwakwa,0,0,0,5,0,0,0,0,0,7,0,0,0,0,0,0,0,0,0,0,0,0,0,goldenrod
SKWD-24-4_Placerville_N/A_ZZG_10,Placerville,12-Jul,PB4,RZZG,C10,SKWD-24-4,50.25,-124.0166667,Skwakwa,0,0,0,3,0,0,0,0,0,8,0,0,0,0,0,0,0,0,0,0,0,0,0,goldenrod
SQMA-25-2_Placerville_N/A_ZJ_2,Placerville,12-Jul,PB3,RZJ,C2,SQMA-25-2,49.86666667,-123.2333333,Squamish,0,0,0,14,0,0,0,0,0,15,0,0,0,0,0,0,0,0,0,0,0,0,0,goldenrod
SQMA-25-2_Placerville_N/A_ZP_33,Placerville,12-Jul,PB3,RZP,C33,SQMA-25-2,49.86666667,-123.2333333,Squamish,0,0,0,9,0,0,0,0,0,8,0,0,0,0,0,0,0,0,0,0,0,0,0,goldenrod
SQMA-25-2_Placerville_N/A_ZZF_15,Placerville,12-Jul,PB4,RZZF,C15,SQMA-25-2,49.86666667,-123.2333333,Squamish,0,0,0,27,0,0,0,0,0,7,0,0,0,0,0,0,0,0,0,0,0,0,0,goldenrod
SQMC-25-4_Placerville_N/A_ZC_63,Placerville,12-Jul,PB3,RZC,C63,SQMC-25-4,50.1,-123.3666667,Squamish,0,0,0,3,0,0,0,0,0,15,0,0,0,0,0,0,0,0,0,0,0,0,0,goldenrod
SQMC-25-4_Placerville_N/A_ZZF_35,Placerville,12-Jul,PB4,RZZF,C35,SQMC-25-4,50.1,-123.3666667,Squamish,0,0,0,2,0,0,0,0,0,5,0,0,0,0,1,0,0,0,0,0,0,0,0,goldenrod
SQMC-25-4_Placerville_N/A_ZZL_40,Placerville,12-Jul,PB4,RZZL,C40,SQMC-25-4,50.1,-123.3666667,Squamish,0,0,0,5,0,0,0,0,0,11,0,0,0,0,1,0,0,0,0,0,0,0,0,goldenrod
SQMC-25-5_Placerville_N/A_L_19,Placerville,12-Jul,PB1,RL,C19,SQMC-25-5,50.1,-123.3666667,Squamish,0,0,0,4,0,0,0,0,0,4,0,0,0,0,0,0,2,0,0,0,0,0,0,goldenrod
SQMC-25-5_Placerville_N/A_ZM_32,Placerville,12-Jul,PB3,RZM,C32,SQMC-25-5,50.1,-123.3666667,Squamish,0,0,0,4,0,0,0,0,0,5,0,0,0,0,0,0,0,0,0,0,0,0,0,goldenrod
SQMC-25-5_Placerville_N/A_ZZL_39,Placerville,12-Jul,PB4,RZZL,C39,SQMC-25-5,50.1,-123.3666667,Squamish,0,0,0,16,0,0,0,0,0,13,0,0,0,0,5,0,0,0,0,0,0,0,0,goldenrod
